2025-04-19 18:22:12,riddhikhandelwal,ran 5 miles,572
2025-04-19 18:22:17,riddhikhandelwal,ran 5 miles,572
2025-04-19 18:22:21,riddhikhandelwal,ran 5 miles,572
2025-04-19 18:41:31,riddhikhandelwal,ran 5 miles,572
2025-04-19 18:41:31,riddhikhandelwal,ran 5 miles,572
2025-04-19 19:10:28,riddhikhandelwal,ran 5 miles,572
2025-04-19 19:19:42,riddhikhandelwal,yoga,115
2025-04-19 19:37:15,riddhikhandelwal,ran 5 miles,572
2025-04-19 19:40:23,riddhikhandelwal,ran 5 miles,572
2025-04-19 19:56:34,riddhikhandelwal,ran 5 miles,572
2025-04-21 12:41:16,riddhikhandelwal,ran 5 miles,572
2025-04-27 10:18:07,riddhikhandelwal,cycling,11
2025-04-28 19:21:48,riddhikhandelwal,ran 5 miles,572
2025-04-28 19:29:56,riddhikhandelwal,cycling,11
2025-04-30 11:18:31,riddhikhandelwal,gyming,175
