2025-04-14 21:10:49,health-fitness-235,1 apple,94,25.13,0.47,0.31
2025-04-14 21:19:28,health-fitness-235,1 apple,94,25.13,0.47,0.31
2025-04-14 21:21:37,health-fitness-235,1 apple,94,25.13,0.47,0.31
2025-04-14 21:27:59,health-fitness-235,1 apple,94,25.13,0.47,0.31
2025-04-14 21:30:17,health-fitness-235,1 apple,94,25.13,0.47,0.31
2025-04-15 19:22:56,riddhikhandelwal,1 apple,94,25.13,0.47,0.31
2025-04-19 17:37:00,riddhikhandelwal,1 apple,94,25.13,0.47,0.31
2025-04-19 18:22:00,riddhikhandelwal,cake,261,37.65,2,12
2025-04-19 18:22:00,riddhikhandelwal,cake,261,37.65,2,12
2025-04-19 18:22:22,riddhikhandelwal,1 apple,94,25.13,0.47,0.31
2025-04-19 18:22:22,riddhikhandelwal,1 apple,94,25.13,0.47,0.31
2025-04-19 18:22:23,riddhikhandelwal,1 apple,94,25.13,0.47,0.31
2025-04-19 18:22:23,riddhikhandelwal,1 apple,94,25.13,0.47,0.31
2025-04-19 18:22:28,riddhikhandelwal,cake,261,37.65,2,12
2025-04-19 18:26:48,riddhikhandelwal,cake,261,37.65,2,12
2025-04-19 18:26:48,riddhikhandelwal,cake,261,37.65,2,12
2025-04-19 18:26:48,riddhikhandelwal,cake,261,37.65,2,12
2025-04-19 18:33:53,riddhikhandelwal,banana,105,26.95,1.29,0.39
2025-04-19 18:33:56,riddhikhandelwal,banana,105,26.95,1.29,0.39
2025-04-19 18:33:58,riddhikhandelwal,banana,105,26.95,1.29,0.39
2025-04-19 18:34:04,riddhikhandelwal,banana,105,26.95,1.29,0.39
2025-04-19 18:34:06,riddhikhandelwal,banana,105,26.95,1.29,0.39
2025-04-19 18:34:09,riddhikhandelwal,banana,105,26.95,1.29,0.39
2025-04-19 18:41:26,riddhikhandelwal,cake,261,37.65,2,12
2025-04-19 18:41:26,riddhikhandelwal,cake,261,37.65,2,12
2025-04-19 18:41:58,riddhikhandelwal,banana,105,26.95,1.29,0.39
2025-04-19 18:41:59,riddhikhandelwal,banana,105,26.95,1.29,0.39
2025-04-19 18:45:22,riddhikhandelwal,banana,105,26.95,1.29,0.39
2025-04-19 19:04:28,riddhikhandelwal,banana,105,26.95,1.29,0.39
2025-04-19 19:08:02,riddhikhandelwal,banana,105,26.95,1.29,0.39
2025-04-19 19:19:22,riddhikhandelwal,cake,261,37.65,2,12
2025-04-19 19:37:11,riddhikhandelwal,banana,105,26.95,1.29,0.39
2025-04-19 19:40:26,riddhikhandelwal,1 apple,94,25.13,0.47,0.31
2025-04-19 19:56:25,riddhikhandelwal,1 apple,94,25.13,0.47,0.31
2025-04-21 12:39:27,riddhikhandelwal,1 apple,94,25.13,0.47,0.31
2025-04-21 12:41:13,riddhikhandelwal,cake,261,37.65,2,12
2025-04-27 09:39:41,riddhikhandelwal,1 apple,94,25.13,0.47,0.31
2025-04-27 10:18:04,riddhikhandelwal,rice,205,44.51,4.25,0.44
2025-04-27 11:19:37,riddhikhandelwal,1 apple,94,25.13,0.47,0.31
2025-04-28 12:46:23,riddhikhandelwal,1 apple,94,25.13,0.47,0.31
2025-04-28 19:21:39,riddhikhandelwal,cake,261,37.65,2,12
2025-04-28 19:21:43,riddhikhandelwal,cake,261,37.65,2,12
2025-04-28 19:29:29,riddhikhandelwal,cake,261,37.65,2,12
2025-04-28 19:29:31,riddhikhandelwal,cake,261,37.65,2,12
2025-04-30 11:11:20,riddhikhandelwal,1 apple,94,25.13,0.47,0.31
2025-04-30 11:14:35,riddhikhandelwal,tea and bread,78,14.86,2.57,0.97
2025-04-30 11:15:15,riddhikhandelwal,jalebi,149,29.02,1.28,3.48
